Step,PV_M01,PV_M02,PV_M03,PV_M04,PV_M05,PV_M06,PV_M07,PV_M08,PV_M09,PV_M10,PV_M11,PV_M12,PV_M13,PV_M14,PV_M15,PV_M16,PV_M17,PV_M18,PV_M19,PV_E01,PV_E02,PV_E03,PV_E04,PV_E05,PV_E06,PV_E07,PV_RTEMP,PV_PRES,PV_ROT,PV_IHT_KW,PV_SH_CW,PV_IHT_CW,SV_M01,SV_M02,SV_M03,SV_M04,SV_M05,SV_M06,SV_M07,SV_M08,SV_M09,SV_M10,SV_M11,SV_M12,SV_M13,SV_M14,SV_M15,SV_M16,SV_M17,SV_M18,SV_M19,SV_E01,SV_E02,SV_E03,SV_E04,SV_E05,SV_E06,SV_E07,SV_RTEMP,SV_PRES,SV_ROT,LogTime
Evacuation,0,0,0,0,0,0,0,0,0,0,0,0,0,0,0,0,0,0,0,0,0,0,0,0,0,0,0,0,0,0,0,0,150,160,500,10,3,25,10,15,15,10,10,10,125,5,50,50,50,50,50,1500,900,1200,1200,1200,1200,1200,0,1,2,02/03/2025 10:51:07
Evacuation,0,0,0,0,0,0,0,0,0,0,0,0,0,0,0,0,0,0,0,0,0,0,0,0,0,0,0,0,0,0,0,0,150,160,500,10,3,25,10,15,15,10,10,10,125,5,50,50,50,50,50,1500,900,1200,1200,1200,1200,1200,0,1,2,02/03/2025 10:51:08
Evacuation,0,0,0,0,0,0,0,0,0,0,0,0,0,0,0,0,0,0,0,0,0,0,0,0,0,0,0,0,0,0,0,0,150,160,500,10,3,25,10,15,15,10,10,10,125,5,50,50,50,50,50,1500,900,1200,1200,1200,1200,1200,0,1,2,02/03/2025 10:51:08
Evacuation,0,0,0,0,0,0,0,0,0,0,0,0,0,0,0,0,0,0,0,0,0,0,0,0,0,0,0,0,0,0,0,0,150,160,500,10,3,25,10,15,15,10,10,10,125,5,50,50,50,50,50,1500,900,1200,1200,1200,1200,1200,0,1,2,02/03/2025 10:51:08
Evacuation,0,0,0,0,0,0,0,0,0,0,0,0,0,0,0,0,0,0,0,0,0,0,0,0,0,0,0,0,0,0,0,0,150,160,500,10,3,25,10,15,15,10,10,10,125,5,50,50,50,50,50,1500,900,1200,1200,1200,1200,1200,0,1,2,02/03/2025 10:51:08
Evacuation,0,0,0,0,0,0,0,0,0,0,0,0,0,0,0,0,0,0,0,0,0,0,0,0,0,0,0,0,0,0,0,0,150,160,500,10,3,25,10,15,15,10,10,10,125,5,50,50,50,50,50,1500,900,1200,1200,1200,1200,1200,0,1,2,02/03/2025 10:51:08
Evacuation,0,0,0,0,0,0,0,0,0,0,0,0,0,0,0,0,0,0,0,0,0,0,0,0,0,0,0,0,0,0,0,0,150,160,500,10,3,25,10,15,15,10,10,10,125,5,50,50,50,50,50,1500,900,1200,1200,1200,1200,1200,0,1,2,02/03/2025 10:51:09
Evacuation,0,0,0,0,0,0,0,0,0,0,0,0,0,0,0,0,0,0,0,0,0,0,0,0,0,0,0,0,0,0,0,0,150,160,500,10,3,25,10,15,15,10,10,10,125,5,50,50,50,50,50,1500,900,1200,1200,1200,1200,1200,0,1,2,02/03/2025 10:51:09
Evacuation,0,0,0,0,0,0,0,0,0,0,0,0,0,0,0,0,0,0,0,0,0,0,0,0,0,0,0,0,0,0,0,0,150,160,500,10,3,25,10,15,15,10,10,10,125,5,50,50,50,50,50,1500,900,1200,1200,1200,1200,1200,0,1,2,02/03/2025 10:51:09
Evacuation,0,0,0,0,0,0,0,0,0,0,0,0,0,0,0,0,0,0,0,0,0,0,0,0,0,0,0,0,0,0,0,0,150,160,500,10,3,25,10,15,15,10,10,10,125,5,50,50,50,50,50,1500,900,1200,1200,1200,1200,1200,0,1,2,02/03/2025 10:51:09
Evacuation,0,0,0,0,0,0,0,0,0,0,0,0,0,0,0,0,0,0,0,0,0,0,0,0,0,0,0,0,0,0,0,0,150,160,500,10,3,25,10,15,15,10,10,10,125,5,50,50,50,50,50,1500,900,1200,1200,1200,1200,1200,0,1,2,02/03/2025 10:51:09
Evacuation,0,0,0,0,0,0,0,0,0,0,0,0,0,0,0,0,0,0,0,0,0,0,0,0,0,0,0,0,0,0,0,0,150,160,500,10,3,25,10,15,15,10,10,10,125,5,50,50,50,50,50,1500,900,1200,1200,1200,1200,1200,0,1,2,02/03/2025 10:51:10
Evacuation,0,0,0,0,0,0,0,0,0,0,0,0,0,0,0,0,0,0,0,0,0,0,0,0,0,0,0,0,0,0,0,0,150,160,500,10,3,25,10,15,15,10,10,10,125,5,50,50,50,50,50,1500,900,1200,1200,1200,1200,1200,0,1,2,02/03/2025 10:51:10
Evacuation,0,0,0,0,0,0,0,0,0,0,0,0,0,0,0,0,0,0,0,0,0,0,0,0,0,0,0,0,0,0,0,0,150,160,500,10,3,25,10,15,15,10,10,10,125,5,50,50,50,50,50,1500,900,1200,1200,1200,1200,1200,0,1,2,02/03/2025 10:51:10
Evacuation,0,0,0,0,0,0,0,0,0,0,0,0,0,0,0,0,0,0,0,0,0,0,0,0,0,0,0,0,0,0,0,0,150,160,500,10,3,25,10,15,15,10,10,10,125,5,50,50,50,50,50,1500,900,1200,1200,1200,1200,1200,0,1,2,02/03/2025 10:51:11
Evacuation,0,0,0,0,0,0,0,0,0,0,0,0,0,0,0,0,0,0,0,0,0,0,0,0,0,0,0,0,0,0,0,0,150,160,500,10,3,25,10,15,15,10,10,10,125,5,50,50,50,50,50,1500,900,1200,1200,1200,1200,1200,0,1,2,02/03/2025 10:51:11
Evacuation,0,0,0,0,0,0,0,0,0,0,0,0,0,0,0,0,0,0,0,0,0,0,0,0,0,0,0,0,0,0,0,0,150,160,500,10,3,25,10,15,15,10,10,10,125,5,50,50,50,50,50,1500,900,1200,1200,1200,1200,1200,0,1,2,02/03/2025 10:51:11
Evacuation,0,0,0,0,0,0,0,0,0,0,0,0,0,0,0,0,0,0,0,0,0,0,0,0,0,0,0,0,0,0,0,0,150,160,500,10,3,25,10,15,15,10,10,10,125,5,50,50,50,50,50,1500,900,1200,1200,1200,1200,1200,0,1,2,02/03/2025 10:51:11
Evacuation,0,0,0,0,0,0,0,0,0,0,0,0,0,0,0,0,0,0,0,0,0,0,0,0,0,0,0,0,0,0,0,0,150,160,500,10,3,25,10,15,15,10,10,10,125,5,50,50,50,50,50,1500,900,1200,1200,1200,1200,1200,0,1,2,02/03/2025 10:51:11
Evacuation,0,0,0,0,0,0,0,0,0,0,0,0,0,0,0,0,0,0,0,0,0,0,0,0,0,0,0,0,0,0,0,0,150,160,500,10,3,25,10,15,15,10,10,10,125,5,50,50,50,50,50,1500,900,1200,1200,1200,1200,1200,0,1,2,02/03/2025 10:51:12
Evacuation,0,0,0,0,0,0,0,0,0,0,0,0,0,0,0,0,0,0,0,0,0,0,0,0,0,0,0,0,0,0,0,0,150,160,500,10,3,25,10,15,15,10,10,10,125,5,50,50,50,50,50,1500,900,1200,1200,1200,1200,1200,0,1,2,02/03/2025 10:51:12
Evacuation,0,0,0,0,0,0,0,0,0,0,0,0,0,0,0,0,0,0,0,0,0,0,0,0,0,0,0,0,0,0,0,0,150,160,500,10,3,25,10,15,15,10,10,10,125,5,50,50,50,50,50,1500,900,1200,1200,1200,1200,1200,0,1,2,02/03/2025 10:51:12
Evacuation,0,0,0,0,0,0,0,0,0,0,0,0,0,0,0,0,0,0,0,0,0,0,0,0,0,0,0,0,0,0,0,0,150,160,500,10,3,25,10,15,15,10,10,10,125,5,50,50,50,50,50,1500,900,1200,1200,1200,1200,1200,0,1,2,02/03/2025 10:51:12
Evacuation,0,0,0,0,0,0,0,0,0,0,0,0,0,0,0,0,0,0,0,0,0,0,0,0,0,0,0,0,0,0,0,0,150,160,500,10,3,25,10,15,15,10,10,10,125,5,50,50,50,50,50,1500,900,1200,1200,1200,1200,1200,0,1,2,02/03/2025 10:51:13
Evacuation,0,0,0,0,0,0,0,0,0,0,0,0,0,0,0,0,0,0,0,0,0,0,0,0,0,0,0,0,0,0,0,0,150,160,500,10,3,25,10,15,15,10,10,10,125,5,50,50,50,50,50,1500,900,1200,1200,1200,1200,1200,0,1,2,02/03/2025 10:51:13
Evacuation,0,0,0,0,0,0,0,0,0,0,0,0,0,0,0,0,0,0,0,0,0,0,0,0,0,0,0,0,0,0,0,0,150,160,500,10,3,25,10,15,15,10,10,10,125,5,50,50,50,50,50,1500,900,1200,1200,1200,1200,1200,0,1,2,02/03/2025 10:51:13
Evacuation,0,0,0,0,0,0,0,0,0,0,0,0,0,0,0,0,0,0,0,0,0,0,0,0,0,0,0,0,0,0,0,0,150,160,500,10,3,25,10,15,15,10,10,10,125,5,50,50,50,50,50,1500,900,1200,1200,1200,1200,1200,0,1,2,02/03/2025 10:51:13
Evacuation,0,0,0,0,0,0,0,0,0,0,0,0,0,0,0,0,0,0,0,0,0,0,0,0,0,0,0,0,0,0,0,0,150,160,500,10,3,25,10,15,15,10,10,10,125,5,50,50,50,50,50,1500,900,1200,1200,1200,1200,1200,0,1,2,02/03/2025 10:51:14
Evacuation,0,0,0,0,0,0,0,0,0,0,0,0,0,0,0,0,0,0,0,0,0,0,0,0,0,0,0,0,0,0,0,0,150,160,500,10,3,25,10,15,15,10,10,10,125,5,50,50,50,50,50,1500,900,1200,1200,1200,1200,1200,0,1,2,02/03/2025 10:51:14
Evacuation,0,0,0,0,0,0,0,0,0,0,0,0,0,0,0,0,0,0,0,0,0,0,0,0,0,0,0,0,0,0,0,0,150,160,500,10,3,25,10,15,15,10,10,10,125,5,50,50,50,50,50,1500,900,1200,1200,1200,1200,1200,0,1,2,02/03/2025 10:51:14
Evacuation,0,0,0,0,0,0,0,0,0,0,0,0,0,0,0,0,0,0,0,0,0,0,0,0,0,0,0,0,0,0,0,0,150,160,500,10,3,25,10,15,15,10,10,10,125,5,50,50,50,50,50,1500,900,1200,1200,1200,1200,1200,0,1,2,02/03/2025 10:51:14
Evacuation,0,0,0,0,0,0,0,0,0,0,0,0,0,0,0,0,0,0,0,0,0,0,0,0,0,0,0,0,0,0,0,0,150,160,500,10,3,25,10,15,15,10,10,10,125,5,50,50,50,50,50,1500,900,1200,1200,1200,1200,1200,0,1,2,02/03/2025 10:51:15
Evacuation,0,0,0,0,0,0,0,0,0,0,0,0,0,0,0,0,0,0,0,0,0,0,0,0,0,0,0,0,0,0,0,0,150,160,500,10,3,25,10,15,15,10,10,10,125,5,50,50,50,50,50,1500,900,1200,1200,1200,1200,1200,0,1,2,02/03/2025 10:51:15
Evacuation,0,0,0,0,0,0,0,0,0,0,0,0,0,0,0,0,0,0,0,0,0,0,0,0,0,0,0,0,0,0,0,0,150,160,500,10,3,25,10,15,15,10,10,10,125,5,50,50,50,50,50,1500,900,1200,1200,1200,1200,1200,0,1,2,02/03/2025 10:51:15
Evacuation,0,0,0,0,0,0,0,0,0,0,0,0,0,0,0,0,0,0,0,0,0,0,0,0,0,0,0,0,0,0,0,0,150,160,500,10,3,25,10,15,15,10,10,10,125,5,50,50,50,50,50,1500,900,1200,1200,1200,1200,1200,0,1,2,02/03/2025 10:51:15
Evacuation,0,0,0,0,0,0,0,0,0,0,0,0,0,0,0,0,0,0,0,0,0,0,0,0,0,0,0,0,0,0,0,0,150,160,500,10,3,25,10,15,15,10,10,10,125,5,50,50,50,50,50,1500,900,1200,1200,1200,1200,1200,0,1,2,02/03/2025 10:51:16
Evacuation,0,0,0,0,0,0,0,0,0,0,0,0,0,0,0,0,0,0,0,0,0,0,0,0,0,0,0,0,0,0,0,0,150,160,500,10,3,25,10,15,15,10,10,10,125,5,50,50,50,50,50,1500,900,1200,1200,1200,1200,1200,0,1,2,02/03/2025 10:51:16
Evacuation,0,0,0,0,0,0,0,0,0,0,0,0,0,0,0,0,0,0,0,0,0,0,0,0,0,0,0,0,0,0,0,0,150,160,500,10,3,25,10,15,15,10,10,10,125,5,50,50,50,50,50,1500,900,1200,1200,1200,1200,1200,0,1,2,02/03/2025 10:51:16
Evacuation,0,0,0,0,0,0,0,0,0,0,0,0,0,0,0,0,0,0,0,0,0,0,0,0,0,0,0,0,0,0,0,0,150,160,500,10,3,25,10,15,15,10,10,10,125,5,50,50,50,50,50,1500,900,1200,1200,1200,1200,1200,0,1,2,02/03/2025 10:51:16
Evacuation,0,0,0,0,0,0,0,0,0,0,0,0,0,0,0,0,0,0,0,0,0,0,0,0,0,0,0,0,0,0,0,0,150,160,500,10,3,25,10,15,15,10,10,10,125,5,50,50,50,50,50,1500,900,1200,1200,1200,1200,1200,0,1,2,02/03/2025 10:51:17
Evacuation,0,0,0,0,0,0,0,0,0,0,0,0,0,0,0,0,0,0,0,0,0,0,0,0,0,0,0,0,0,0,0,0,150,160,500,10,3,25,10,15,15,10,10,10,125,5,50,50,50,50,50,1500,900,1200,1200,1200,1200,1200,0,1,2,02/03/2025 10:51:17
Evacuation,0,0,0,0,0,0,0,0,0,0,0,0,0,0,0,0,0,0,0,0,0,0,0,0,0,0,0,0,0,0,0,0,150,160,500,10,3,25,10,15,15,10,10,10,125,5,50,50,50,50,50,1500,900,1200,1200,1200,1200,1200,0,1,2,02/03/2025 10:51:17
Evacuation,0,0,0,0,0,0,0,0,0,0,0,0,0,0,0,0,0,0,0,0,0,0,0,0,0,0,0,0,0,0,0,0,150,160,500,10,3,25,10,15,15,10,10,10,125,5,50,50,50,50,50,1500,900,1200,1200,1200,1200,1200,0,1,2,02/03/2025 10:51:17
Evacuation,0,0,0,0,0,0,0,0,0,0,0,0,0,0,0,0,0,0,0,0,0,0,0,0,0,0,0,0,0,0,0,0,150,160,500,10,3,25,10,15,15,10,10,10,125,5,50,50,50,50,50,1500,900,1200,1200,1200,1200,1200,0,1,2,02/03/2025 10:51:18
Evacuation,0,0,0,0,0,0,0,0,0,0,0,0,0,0,0,0,0,0,0,0,0,0,0,0,0,0,0,0,0,0,0,0,150,160,500,10,3,25,10,15,15,10,10,10,125,5,50,50,50,50,50,1500,900,1200,1200,1200,1200,1200,0,1,2,02/03/2025 10:51:18
Evacuation,0,0,0,0,0,0,0,0,0,0,0,0,0,0,0,0,0,0,0,0,0,0,0,0,0,0,0,0,0,0,0,0,150,160,500,10,3,25,10,15,15,10,10,10,125,5,50,50,50,50,50,1500,900,1200,1200,1200,1200,1200,0,1,2,02/03/2025 10:51:18
Evacuation,0,0,0,0,0,0,0,0,0,0,0,0,0,0,0,0,0,0,0,0,0,0,0,0,0,0,0,0,0,0,0,0,150,160,500,10,3,25,10,15,15,10,10,10,125,5,50,50,50,50,50,1500,900,1200,1200,1200,1200,1200,0,1,2,02/03/2025 10:51:18
Evacuation,0,0,0,0,0,0,0,0,0,0,0,0,0,0,0,0,0,0,0,0,0,0,0,0,0,0,0,0,0,0,0,0,150,160,500,10,3,25,10,15,15,10,10,10,125,5,50,50,50,50,50,1500,900,1200,1200,1200,1200,1200,0,1,2,02/03/2025 10:51:18
Evacuation,0,0,0,0,0,0,0,0,0,0,0,0,0,0,0,0,0,0,0,0,0,0,0,0,0,0,0,0,0,0,0,0,150,160,500,10,3,25,10,15,15,10,10,10,125,5,50,50,50,50,50,1500,900,1200,1200,1200,1200,1200,0,1,2,02/03/2025 10:51:19
Evacuation,0,0,0,0,0,0,0,0,0,0,0,0,0,0,0,0,0,0,0,0,0,0,0,0,0,0,0,0,0,0,0,0,150,160,500,10,3,25,10,15,15,10,10,10,125,5,50,50,50,50,50,1500,900,1200,1200,1200,1200,1200,0,1,2,02/03/2025 10:51:19
Evacuation,0,0,0,0,0,0,0,0,0,0,0,0,0,0,0,0,0,0,0,0,0,0,0,0,0,0,0,0,0,0,0,0,150,160,500,10,3,25,10,15,15,10,10,10,125,5,50,50,50,50,50,1500,900,1200,1200,1200,1200,1200,0,1,2,02/03/2025 10:51:19
Evacuation,0,0,0,0,0,0,0,0,0,0,0,0,0,0,0,0,0,0,0,0,0,0,0,0,0,0,0,0,0,0,0,0,150,160,500,10,3,25,10,15,15,10,10,10,125,5,50,50,50,50,50,1500,900,1200,1200,1200,1200,1200,0,1,2,02/03/2025 10:51:19
Evacuation,0,0,0,0,0,0,0,0,0,0,0,0,0,0,0,0,0,0,0,0,0,0,0,0,0,0,0,0,0,0,0,0,150,160,500,10,3,25,10,15,15,10,10,10,125,5,50,50,50,50,50,1500,900,1200,1200,1200,1200,1200,0,1,2,02/03/2025 10:51:20
Evacuation,0,0,0,0,0,0,0,0,0,0,0,0,0,0,0,0,0,0,0,0,0,0,0,0,0,0,0,0,0,0,0,0,150,160,500,10,3,25,10,15,15,10,10,10,125,5,50,50,50,50,50,1500,900,1200,1200,1200,1200,1200,0,1,2,02/03/2025 10:51:20
Evacuation,0,0,0,0,0,0,0,0,0,0,0,0,0,0,0,0,0,0,0,0,0,0,0,0,0,0,0,0,0,0,0,0,150,160,500,10,3,25,10,15,15,10,10,10,125,5,50,50,50,50,50,1500,900,1200,1200,1200,1200,1200,0,1,2,02/03/2025 10:51:20
Evacuation,0,0,0,0,0,0,0,0,0,0,0,0,0,0,0,0,0,0,0,0,0,0,0,0,0,0,0,0,0,0,0,0,150,160,500,10,3,25,10,15,15,10,10,10,125,5,50,50,50,50,50,1500,900,1200,1200,1200,1200,1200,0,1,2,02/03/2025 10:51:21
Evacuation,0,0,0,0,0,0,0,0,0,0,0,0,0,0,0,0,0,0,0,0,0,0,0,0,0,0,0,0,0,0,0,0,150,160,500,10,3,25,10,15,15,10,10,10,125,5,50,50,50,50,50,1500,900,1200,1200,1200,1200,1200,0,1,2,02/03/2025 10:51:21
Evacuation,0,0,0,0,0,0,0,0,0,0,0,0,0,0,0,0,0,0,0,0,0,0,0,0,0,0,0,0,0,0,0,0,150,160,500,10,3,25,10,15,15,10,10,10,125,5,50,50,50,50,50,1500,900,1200,1200,1200,1200,1200,0,1,2,02/03/2025 10:51:21
Evacuation,0,0,0,0,0,0,0,0,0,0,0,0,0,0,0,0,0,0,0,0,0,0,0,0,0,0,0,0,0,0,0,0,150,160,500,10,3,25,10,15,15,10,10,10,125,5,50,50,50,50,50,1500,900,1200,1200,1200,1200,1200,0,1,2,02/03/2025 10:51:21
Evacuation,0,0,0,0,0,0,0,0,0,0,0,0,0,0,0,0,0,0,0,0,0,0,0,0,0,0,0,0,0,0,0,0,150,160,500,10,3,25,10,15,15,10,10,10,125,5,50,50,50,50,50,1500,900,1200,1200,1200,1200,1200,0,1,2,02/03/2025 10:51:22
Evacuation,0,0,0,0,0,0,0,0,0,0,0,0,0,0,0,0,0,0,0,0,0,0,0,0,0,0,0,0,0,0,0,0,150,160,500,10,3,25,10,15,15,10,10,10,125,5,50,50,50,50,50,1500,900,1200,1200,1200,1200,1200,0,1,2,02/03/2025 10:51:22
Evacuation,0,0,0,0,0,0,0,0,0,0,0,0,0,0,0,0,0,0,0,0,0,0,0,0,0,0,0,0,0,0,0,0,150,160,500,10,3,25,10,15,15,10,10,10,125,5,50,50,50,50,50,1500,900,1200,1200,1200,1200,1200,0,1,2,02/03/2025 10:51:22
Evacuation,0,0,0,0,0,0,0,0,0,0,0,0,0,0,0,0,0,0,0,0,0,0,0,0,0,0,0,0,0,0,0,0,150,160,500,10,3,25,10,15,15,10,10,10,125,5,50,50,50,50,50,1500,900,1200,1200,1200,1200,1200,0,1,2,02/03/2025 10:51:22
Evacuation,0,0,0,0,0,0,0,0,0,0,0,0,0,0,0,0,0,0,0,0,0,0,0,0,0,0,0,0,0,0,0,0,150,160,500,10,3,25,10,15,15,10,10,10,125,5,50,50,50,50,50,1500,900,1200,1200,1200,1200,1200,0,1,2,02/03/2025 10:51:23
Evacuation,0,0,0,0,0,0,0,0,0,0,0,0,0,0,0,0,0,0,0,0,0,0,0,0,0,0,0,0,0,0,0,0,150,160,500,10,3,25,10,15,15,10,10,10,125,5,50,50,50,50,50,1500,900,1200,1200,1200,1200,1200,0,1,2,02/03/2025 10:51:23
Evacuation,0,0,0,0,0,0,0,0,0,0,0,0,0,0,0,0,0,0,0,0,0,0,0,0,0,0,0,0,0,0,0,0,150,160,500,10,3,25,10,15,15,10,10,10,125,5,50,50,50,50,50,1500,900,1200,1200,1200,1200,1200,0,1,2,02/03/2025 10:51:23
Evacuation,0,0,0,0,0,0,0,0,0,0,0,0,0,0,0,0,0,0,0,0,0,0,0,0,0,0,0,0,0,0,0,0,150,160,500,10,3,25,10,15,15,10,10,10,125,5,50,50,50,50,50,1500,900,1200,1200,1200,1200,1200,0,1,2,02/03/2025 10:51:23
Evacuation,0,0,0,0,0,0,0,0,0,0,0,0,0,0,0,0,0,0,0,0,0,0,0,0,0,0,0,0,0,0,0,0,150,160,500,10,3,25,10,15,15,10,10,10,125,5,50,50,50,50,50,1500,900,1200,1200,1200,1200,1200,0,1,2,02/03/2025 10:51:24
Evacuation,0,0,0,0,0,0,0,0,0,0,0,0,0,0,0,0,0,0,0,0,0,0,0,0,0,0,0,0,0,0,0,0,150,160,500,10,3,25,10,15,15,10,10,10,125,5,50,50,50,50,50,1500,900,1200,1200,1200,1200,1200,0,1,2,02/03/2025 10:51:24
Evacuation,0,0,0,0,0,0,0,0,0,0,0,0,0,0,0,0,0,0,0,0,0,0,0,0,0,0,0,0,0,0,0,0,150,160,500,10,3,25,10,15,15,10,10,10,125,5,50,50,50,50,50,1500,900,1200,1200,1200,1200,1200,0,1,2,02/03/2025 10:51:24
Evacuation,0,0,0,0,0,0,0,0,0,0,0,0,0,0,0,0,0,0,0,0,0,0,0,0,0,0,0,0,0,0,0,0,150,160,500,10,3,25,10,15,15,10,10,10,125,5,50,50,50,50,50,1500,900,1200,1200,1200,1200,1200,0,1,2,02/03/2025 10:51:24
Evacuation,0,0,0,0,0,0,0,0,0,0,0,0,0,0,0,0,0,0,0,0,0,0,0,0,0,0,0,0,0,0,0,0,150,160,500,10,3,25,10,15,15,10,10,10,125,5,50,50,50,50,50,1500,900,1200,1200,1200,1200,1200,0,1,2,02/03/2025 10:51:25
Evacuation,0,0,0,0,0,0,0,0,0,0,0,0,0,0,0,0,0,0,0,0,0,0,0,0,0,0,0,0,0,0,0,0,150,160,500,10,3,25,10,15,15,10,10,10,125,5,50,50,50,50,50,1500,900,1200,1200,1200,1200,1200,0,1,2,02/03/2025 10:51:25
Evacuation,0,0,0,0,0,0,0,0,0,0,0,0,0,0,0,0,0,0,0,0,0,0,0,0,0,0,0,0,0,0,0,0,150,160,500,10,3,25,10,15,15,10,10,10,125,5,50,50,50,50,50,1500,900,1200,1200,1200,1200,1200,0,1,2,02/03/2025 10:51:25
Evacuation,0,0,0,0,0,0,0,0,0,0,0,0,0,0,0,0,0,0,0,0,0,0,0,0,0,0,0,0,0,0,0,0,150,160,500,10,3,25,10,15,15,10,10,10,125,5,50,50,50,50,50,1500,900,1200,1200,1200,1200,1200,0,1,2,02/03/2025 10:51:25
Evacuation,0,0,0,0,0,0,0,0,0,0,0,0,0,0,0,0,0,0,0,0,0,0,0,0,0,0,0,0,0,0,0,0,150,160,500,10,3,25,10,15,15,10,10,10,125,5,50,50,50,50,50,1500,900,1200,1200,1200,1200,1200,0,1,2,02/03/2025 10:51:25
Evacuation,0,0,0,0,0,0,0,0,0,0,0,0,0,0,0,0,0,0,0,0,0,0,0,0,0,0,0,0,0,0,0,0,150,160,500,10,3,25,10,15,15,10,10,10,125,5,50,50,50,50,50,1500,900,1200,1200,1200,1200,1200,0,1,2,02/03/2025 10:51:26
Evacuation,0,0,0,0,0,0,0,0,0,0,0,0,0,0,0,0,0,0,0,0,0,0,0,0,0,0,0,0,0,0,0,0,150,160,500,10,3,25,10,15,15,10,10,10,125,5,50,50,50,50,50,1500,900,1200,1200,1200,1200,1200,0,1,2,02/03/2025 10:51:26
Evacuation,0,0,0,0,0,0,0,0,0,0,0,0,0,0,0,0,0,0,0,0,0,0,0,0,0,0,0,0,0,0,0,0,150,160,500,10,3,25,10,15,15,10,10,10,125,5,50,50,50,50,50,1500,900,1200,1200,1200,1200,1200,0,1,2,02/03/2025 10:51:26
Evacuation,0,0,0,0,0,0,0,0,0,0,0,0,0,0,0,0,0,0,0,0,0,0,0,0,0,0,0,0,0,0,0,0,150,160,500,10,3,25,10,15,15,10,10,10,125,5,50,50,50,50,50,1500,900,1200,1200,1200,1200,1200,0,1,2,02/03/2025 10:51:26
Evacuation,0,0,0,0,0,0,0,0,0,0,0,0,0,0,0,0,0,0,0,0,0,0,0,0,0,0,0,0,0,0,0,0,150,160,500,10,3,25,10,15,15,10,10,10,125,5,50,50,50,50,50,1500,900,1200,1200,1200,1200,1200,0,1,2,02/03/2025 10:51:27
Evacuation,0,0,0,0,0,0,0,0,0,0,0,0,0,0,0,0,0,0,0,0,0,0,0,0,0,0,0,0,0,0,0,0,150,160,500,10,3,25,10,15,15,10,10,10,125,5,50,50,50,50,50,1500,900,1200,1200,1200,1200,1200,0,1,2,02/03/2025 10:51:27
Evacuation,0,0,0,0,0,0,0,0,0,0,0,0,0,0,0,0,0,0,0,0,0,0,0,0,0,0,0,0,0,0,0,0,150,160,500,10,3,25,10,15,15,10,10,10,125,5,50,50,50,50,50,1500,900,1200,1200,1200,1200,1200,0,1,2,02/03/2025 10:51:27
Evacuation,0,0,0,0,0,0,0,0,0,0,0,0,0,0,0,0,0,0,0,0,0,0,0,0,0,0,0,0,0,0,0,0,150,160,500,10,3,25,10,15,15,10,10,10,125,5,50,50,50,50,50,1500,900,1200,1200,1200,1200,1200,0,1,2,02/03/2025 10:51:27
Evacuation,0,0,0,0,0,0,0,0,0,0,0,0,0,0,0,0,0,0,0,0,0,0,0,0,0,0,0,0,0,0,0,0,150,160,500,10,3,25,10,15,15,10,10,10,125,5,50,50,50,50,50,1500,900,1200,1200,1200,1200,1200,0,1,2,02/03/2025 10:51:28
Evacuation,0,0,0,0,0,0,0,0,0,0,0,0,0,0,0,0,0,0,0,0,0,0,0,0,0,0,0,0,0,0,0,0,150,160,500,10,3,25,10,15,15,10,10,10,125,5,50,50,50,50,50,1500,900,1200,1200,1200,1200,1200,0,1,2,02/03/2025 10:51:28
Evacuation,0,0,0,0,0,0,0,0,0,0,0,0,0,0,0,0,0,0,0,0,0,0,0,0,0,0,0,0,0,0,0,0,150,160,500,10,3,25,10,15,15,10,10,10,125,5,50,50,50,50,50,1500,900,1200,1200,1200,1200,1200,0,1,2,02/03/2025 10:51:28
Evacuation,0,0,0,0,0,0,0,0,0,0,0,0,0,0,0,0,0,0,0,0,0,0,0,0,0,0,0,0,0,0,0,0,150,160,500,10,3,25,10,15,15,10,10,10,125,5,50,50,50,50,50,1500,900,1200,1200,1200,1200,1200,0,1,2,02/03/2025 10:51:28
Evacuation,0,0,0,0,0,0,0,0,0,0,0,0,0,0,0,0,0,0,0,0,0,0,0,0,0,0,0,0,0,0,0,0,150,160,500,10,3,25,10,15,15,10,10,10,125,5,50,50,50,50,50,1500,900,1200,1200,1200,1200,1200,0,1,2,02/03/2025 10:51:29
Evacuation,0,0,0,0,0,0,0,0,0,0,0,0,0,0,0,0,0,0,0,0,0,0,0,0,0,0,0,0,0,0,0,0,150,160,500,10,3,25,10,15,15,10,10,10,125,5,50,50,50,50,50,1500,900,1200,1200,1200,1200,1200,0,1,2,02/03/2025 10:51:29
Evacuation,0,0,0,0,0,0,0,0,0,0,0,0,0,0,0,0,0,0,0,0,0,0,0,0,0,0,0,0,0,0,0,0,150,160,500,10,3,25,10,15,15,10,10,10,125,5,50,50,50,50,50,1500,900,1200,1200,1200,1200,1200,0,1,2,02/03/2025 10:51:29
Evacuation,0,0,0,0,0,0,0,0,0,0,0,0,0,0,0,0,0,0,0,0,0,0,0,0,0,0,0,0,0,0,0,0,150,160,500,10,3,25,10,15,15,10,10,10,125,5,50,50,50,50,50,1500,900,1200,1200,1200,1200,1200,0,1,2,02/03/2025 10:51:29
Evacuation,0,0,0,0,0,0,0,0,0,0,0,0,0,0,0,0,0,0,0,0,0,0,0,0,0,0,0,0,0,0,0,0,150,160,500,10,3,25,10,15,15,10,10,10,125,5,50,50,50,50,50,1500,900,1200,1200,1200,1200,1200,0,1,2,02/03/2025 10:51:30
Evacuation,0,0,0,0,0,0,0,0,0,0,0,0,0,0,0,0,0,0,0,0,0,0,0,0,0,0,0,0,0,0,0,0,150,160,500,10,3,25,10,15,15,10,10,10,125,5,50,50,50,50,50,1500,900,1200,1200,1200,1200,1200,0,1,2,02/03/2025 10:51:30
Evacuation,0,0,0,0,0,0,0,0,0,0,0,0,0,0,0,0,0,0,0,0,0,0,0,0,0,0,0,0,0,0,0,0,150,160,500,10,3,25,10,15,15,10,10,10,125,5,50,50,50,50,50,1500,900,1200,1200,1200,1200,1200,0,1,2,02/03/2025 10:51:30
Evacuation,0,0,0,0,0,0,0,0,0,0,0,0,0,0,0,0,0,0,0,0,0,0,0,0,0,0,0,0,0,0,0,0,150,160,500,10,3,25,10,15,15,10,10,10,125,5,50,50,50,50,50,1500,900,1200,1200,1200,1200,1200,0,1,2,02/03/2025 10:51:30
Evacuation,0,0,0,0,0,0,0,0,0,0,0,0,0,0,0,0,0,0,0,0,0,0,0,0,0,0,0,0,0,0,0,0,150,160,500,10,3,25,10,15,15,10,10,10,125,5,50,50,50,50,50,1500,900,1200,1200,1200,1200,1200,0,1,2,02/03/2025 10:51:31
Evacuation,0,0,0,0,0,0,0,0,0,0,0,0,0,0,0,0,0,0,0,0,0,0,0,0,0,0,0,0,0,0,0,0,150,160,500,10,3,25,10,15,15,10,10,10,125,5,50,50,50,50,50,1500,900,1200,1200,1200,1200,1200,0,1,2,02/03/2025 10:51:31
Evacuation,0,0,0,0,0,0,0,0,0,0,0,0,0,0,0,0,0,0,0,0,0,0,0,0,0,0,0,0,0,0,0,0,150,160,500,10,3,25,10,15,15,10,10,10,125,5,50,50,50,50,50,1500,900,1200,1200,1200,1200,1200,0,1,2,02/03/2025 10:51:31
Evacuation,0,0,0,0,0,0,0,0,0,0,0,0,0,0,0,0,0,0,0,0,0,0,0,0,0,0,0,0,0,0,0,0,150,160,500,10,3,25,10,15,15,10,10,10,125,5,50,50,50,50,50,1500,900,1200,1200,1200,1200,1200,0,1,2,02/03/2025 10:51:31
Evacuation,0,0,0,0,0,0,0,0,0,0,0,0,0,0,0,0,0,0,0,0,0,0,0,0,0,0,0,0,0,0,0,0,150,160,500,10,3,25,10,15,15,10,10,10,125,5,50,50,50,50,50,1500,900,1200,1200,1200,1200,1200,0,1,2,02/03/2025 10:51:32
Evacuation,0,0,0,0,0,0,0,0,0,0,0,0,0,0,0,0,0,0,0,0,0,0,0,0,0,0,0,0,0,0,0,0,150,160,500,10,3,25,10,15,15,10,10,10,125,5,50,50,50,50,50,1500,900,1200,1200,1200,1200,1200,0,1,2,02/03/2025 10:51:32
Evacuation,0,0,0,0,0,0,0,0,0,0,0,0,0,0,0,0,0,0,0,0,0,0,0,0,0,0,0,0,0,0,0,0,150,160,500,10,3,25,10,15,15,10,10,10,125,5,50,50,50,50,50,1